target,source,weight
Physics and Astronomy ,Physics and Astronomy ,0.3145099504177138
Physics and Astronomy ,Engineering ,0.1318094138422876
Physics and Astronomy ,Materials Science ,0.1258113156286083
Physics and Astronomy ,Chemistry ,0.1470434014806765
Physics and Astronomy ,Chemical Engineering ,0.056181484751748965
Physics and Astronomy ,"Pharmacology, Toxicology and Pharmaceutics ",0.01907423758744821
Physics and Astronomy ,"Biochemistry, Genetics and Molecular Biology ",0.050666304421653194
Physics and Astronomy ,Medicine ,0.029562589146233782
Physics and Astronomy ,Earth and Planetary Sciences ,0.013436120355905726
Physics and Astronomy ,Mathematics ,0.01178360388507777
Physics and Astronomy ,Multidisciplinary,0.06680907423758745
Physics and Astronomy ,Immunology and Microbiology ,0.005394281056849827
Physics and Astronomy ,Environmental Science ,0.0090063166474224
Physics and Astronomy ,Dentistry ,0.0003294165591251783
Physics and Astronomy ,Agricultural and Biological Sciences ,0.0032914487536507505
Physics and Astronomy ,Neuroscience ,0.0038171568294505195
Physics and Astronomy ,Social Sciences ,0.001624668885417374
Physics and Astronomy ,Energy ,0.0031046661685797733
Physics and Astronomy ,Computer Science ,0.003911566936086395
Physics and Astronomy ,Health Professions ,0.0006337023704408069
Physics and Astronomy ,Nursing ,0.0003626978197378252
Physics and Astronomy ,Veterinary ,0.00010731508524077974
Physics and Astronomy ,Psychology ,0.00020104598247639748
Physics and Astronomy ,Decision Sciences ,0.0008558038443252055
Physics and Astronomy ,Arts and Humanities ,0.0004340148067649256
Physics and Astronomy ,"Business, Management and Accounting ",0.00011410717924336072
Physics and Astronomy ,"Economics, Econometrics and Finance ",0.00012429532024723223
Materials Science ,Earth and Planetary Sciences ,0.004042288107149342
Materials Science ,Materials Science ,0.276932679298033
Materials Science ,Chemistry ,0.23601365902580132
Materials Science ,Physics and Astronomy ,0.12761986827624838
Materials Science ,Engineering ,0.11207068881972425
Materials Science ,Chemical Engineering ,0.08420213981540406
Materials Science ,"Biochemistry, Genetics and Molecular Biology ",0.04469997087494027
Materials Science ,Multidisciplinary,0.047314632503984794
Materials Science ,Environmental Science ,0.013627986946955562
Materials Science ,Mathematics ,0.007199727630032295
Materials Science ,Arts and Humanities ,0.0002688961891845514
Materials Science ,Immunology and Microbiology ,0.002909611157133316
Materials Science ,Medicine ,0.01816158956245347
Materials Science ,Health Professions ,0.00038806609120952307
Materials Science ,Agricultural and Biological Sciences ,0.0025120565042240986
Materials Science ,Social Sciences ,0.0011841403355058924
Materials Science ,Nursing ,0.00023174605778405417
Materials Science ,Computer Science ,0.0017643900069041348
Materials Science ,Energy ,0.005055955978220052
Materials Science ,"Pharmacology, Toxicology and Pharmaceutics ",0.012241209531083323
Materials Science ,"Economics, Econometrics and Finance ",2.733992354149147e-05
Materials Science ,Neuroscience ,0.000994690747671322
Materials Science ,Decision Sciences ,8.877433997001937e-05
Materials Science ,Dentistry ,0.00033515529800275427
Materials Science ,"Business, Management and Accounting ",5.130256241021046e-05
Materials Science ,Veterinary ,5.226750088814546e-05
Materials Science ,Psychology ,9.166915540382434e-06
Chemistry ,Engineering ,0.033385378247266506
Chemistry ,Chemistry ,0.47822360766818495
Chemistry ,Chemical Engineering ,0.11299459814377297
Chemistry ,Materials Science ,0.1046616304058381
Chemistry ,"Biochemistry, Genetics and Molecular Biology ",0.08286262217262973
Chemistry ,Medicine ,0.03353240994705158
Chemistry ,Environmental Science ,0.01027725508027398
Chemistry ,Agricultural and Biological Sciences ,0.00738525377478666
Chemistry ,"Pharmacology, Toxicology and Pharmaceutics ",0.0211003525926722
Chemistry ,Physics and Astronomy ,0.050109808986890374
Chemistry ,Multidisciplinary,0.03470560274664738
Chemistry ,Immunology and Microbiology ,0.0056971666186574725
Chemistry ,Social Sciences ,0.0018518965672235847
Chemistry ,Earth and Planetary Sciences ,0.0064820914369395554
Chemistry ,Neuroscience ,0.0024374160193360857
Chemistry ,Mathematics ,0.0075689016958751885
Chemistry ,Health Professions ,0.0012179711507254037
Chemistry ,Energy ,0.0025035065983451056
Chemistry ,Computer Science ,0.0013982181843863672
Chemistry ,Arts and Humanities ,0.00033385378247266506
Chemistry ,Decision Sciences ,0.00014022992492994455
Chemistry ,Nursing ,0.0007297170790412717
Chemistry ,Dentistry ,0.00014816532892759703
Chemistry ,Psychology ,2.131222787940952e-05
Chemistry ,"Business, Management and Accounting ",3.174161599060992e-05
Chemistry ,Veterinary ,0.00016936419389275436
Chemistry ,"Economics, Econometrics and Finance ",2.9927809362575072e-05
Agricultural and Biological Sciences ,Medicine ,0.08833248331393473
Agricultural and Biological Sciences ,Agricultural and Biological Sciences ,0.3416209515165396
Agricultural and Biological Sciences ,Nursing ,0.030374215718746034
Agricultural and Biological Sciences ,Chemistry ,0.06684813658435243
Agricultural and Biological Sciences ,"Pharmacology, Toxicology and Pharmaceutics ",0.03548199505654828
Agricultural and Biological Sciences ,Chemical Engineering ,0.016252257376224263
Agricultural and Biological Sciences ,"Biochemistry, Genetics and Molecular Biology ",0.19682873230178727
Agricultural and Biological Sciences ,Multidisciplinary,0.04566860482442062
Agricultural and Biological Sciences ,Neuroscience ,0.007988195657152978
Agricultural and Biological Sciences ,Environmental Science ,0.0673257935619332
Agricultural and Biological Sciences ,Immunology and Microbiology ,0.0317399230129342
Agricultural and Biological Sciences ,Engineering ,0.01895812881071927
Agricultural and Biological Sciences ,Materials Science ,0.014359509673618095
Agricultural and Biological Sciences ,Earth and Planetary Sciences ,0.012683878779003187
Agricultural and Biological Sciences ,Mathematics ,0.005857045184987778
Agricultural and Biological Sciences ,Physics and Astronomy ,0.0050941563223988766
Agricultural and Biological Sciences ,Veterinary ,0.003455988720143246
Agricultural and Biological Sciences ,"Economics, Econometrics and Finance ",0.0009859657398191375
Agricultural and Biological Sciences ,Health Professions ,0.0003916616928469803
Agricultural and Biological Sciences ,Decision Sciences ,0.0007535230394990817
Agricultural and Biological Sciences ,Computer Science ,0.0009689369705649209
Agricultural and Biological Sciences ,Arts and Humanities ,0.0013895475711440694
Agricultural and Biological Sciences ,Energy ,0.0010498236245224495
Agricultural and Biological Sciences ,Social Sciences ,0.0033112441814824056
Agricultural and Biological Sciences ,"Business, Management and Accounting ",0.0012277742632290122
Agricultural and Biological Sciences ,Psychology ,0.000590046854658603
Agricultural and Biological Sciences ,Dentistry ,0.00046147964678926813
"Pharmacology, Toxicology and Pharmaceutics ",Immunology and Microbiology ,0.025259812247082403
"Pharmacology, Toxicology and Pharmaceutics ",Medicine ,0.1688225303501117
"Pharmacology, Toxicology and Pharmaceutics ",Chemistry ,0.12049499489386335
"Pharmacology, Toxicology and Pharmaceutics ","Pharmacology, Toxicology and Pharmaceutics ",0.22657157056025515
"Pharmacology, Toxicology and Pharmaceutics ","Biochemistry, Genetics and Molecular Biology ",0.2570609405121428
"Pharmacology, Toxicology and Pharmaceutics ",Multidisciplinary,0.06048177901077477
"Pharmacology, Toxicology and Pharmaceutics ",Environmental Science ,0.017200308006531485
"Pharmacology, Toxicology and Pharmaceutics ",Neuroscience ,0.026842441552483984
"Pharmacology, Toxicology and Pharmaceutics ",Chemical Engineering ,0.02308192209182308
"Pharmacology, Toxicology and Pharmaceutics ",Agricultural and Biological Sciences ,0.00668985817500669
"Pharmacology, Toxicology and Pharmaceutics ",Computer Science ,0.002101434633259244
"Pharmacology, Toxicology and Pharmaceutics ",Engineering ,0.015813186393101527
"Pharmacology, Toxicology and Pharmaceutics ",Materials Science ,0.01924057822219067
"Pharmacology, Toxicology and Pharmaceutics ",Mathematics ,0.005319119887719605
"Pharmacology, Toxicology and Pharmaceutics ",Arts and Humanities ,0.0015116348921157974
"Pharmacology, Toxicology and Pharmaceutics ",Earth and Planetary Sciences ,0.0004707475711718993
"Pharmacology, Toxicology and Pharmaceutics ",Nursing ,0.003344382976631916
"Pharmacology, Toxicology and Pharmaceutics ",Social Sciences ,0.005621665310491336
"Pharmacology, Toxicology and Pharmaceutics ",Veterinary ,0.0006793619240578222
"Pharmacology, Toxicology and Pharmaceutics ",Physics and Astronomy ,0.010808626367325094
"Pharmacology, Toxicology and Pharmaceutics ",Energy ,0.0001529110440001529
"Pharmacology, Toxicology and Pharmaceutics ",Health Professions ,0.0012189194650297904
"Pharmacology, Toxicology and Pharmaceutics ",Dentistry ,0.0006018141803148876
"Pharmacology, Toxicology and Pharmaceutics ",Psychology ,0.00030036097928601464
"Pharmacology, Toxicology and Pharmaceutics ","Business, Management and Accounting ",7.208663502864352e-05
"Pharmacology, Toxicology and Pharmaceutics ",Decision Sciences ,0.00020315324417163172
"Pharmacology, Toxicology and Pharmaceutics ","Economics, Econometrics and Finance ",3.385887402860529e-05
"Biochemistry, Genetics and Molecular Biology ",Immunology and Microbiology ,0.03640266498376421
"Biochemistry, Genetics and Molecular Biology ","Biochemistry, Genetics and Molecular Biology ",0.5180628861049179
"Biochemistry, Genetics and Molecular Biology ",Medicine ,0.15625705607078672
"Biochemistry, Genetics and Molecular Biology ",Neuroscience ,0.0389401208457895
"Biochemistry, Genetics and Molecular Biology ","Pharmacology, Toxicology and Pharmaceutics ",0.029112174328895332
"Biochemistry, Genetics and Molecular Biology ",Chemistry ,0.04014421134692612
"Biochemistry, Genetics and Molecular Biology ",Materials Science ,0.006296471800829368
"Biochemistry, Genetics and Molecular Biology ",Multidisciplinary,0.0865027874891634
"Biochemistry, Genetics and Molecular Biology ",Chemical Engineering ,0.017120620868718323
"Biochemistry, Genetics and Molecular Biology ",Agricultural and Biological Sciences ,0.025831388023295678
"Biochemistry, Genetics and Molecular Biology ",Mathematics ,0.008027270007577428
"Biochemistry, Genetics and Molecular Biology ",Physics and Astronomy ,0.006850694088077233
"Biochemistry, Genetics and Molecular Biology ",Nursing ,0.005399409091603903
"Biochemistry, Genetics and Molecular Biology ",Environmental Science ,0.008650497118611867
"Biochemistry, Genetics and Molecular Biology ",Engineering ,0.006959442196449745
"Biochemistry, Genetics and Molecular Biology ",Veterinary ,0.001640393152799827
"Biochemistry, Genetics and Molecular Biology ",Health Professions ,0.0011372693743053114
"Biochemistry, Genetics and Molecular Biology ",Social Sciences ,0.0013827169120778095
"Biochemistry, Genetics and Molecular Biology ",Computer Science ,0.0010748156413845512
"Biochemistry, Genetics and Molecular Biology ",Psychology ,0.0003869511004740806
"Biochemistry, Genetics and Molecular Biology ",Arts and Humanities ,0.0017556923520381535
"Biochemistry, Genetics and Molecular Biology ",Dentistry ,0.000676946056134114
"Biochemistry, Genetics and Molecular Biology ",Earth and Planetary Sciences ,0.0007350323951443315
"Biochemistry, Genetics and Molecular Biology ","Business, Management and Accounting ",3.8869805803829766e-05
"Biochemistry, Genetics and Molecular Biology ",Decision Sciences ,0.0004664376696459572
"Biochemistry, Genetics and Molecular Biology ",Energy ,9.695614481404728e-05
"Biochemistry, Genetics and Molecular Biology ","Economics, Econometrics and Finance ",5.0225029971240714e-05
Chemical Engineering ,Multidisciplinary,0.06442597517038641
Chemical Engineering ,Chemical Engineering ,0.20652309152279943
Chemical Engineering ,Physics and Astronomy ,0.05002356846650669
Chemical Engineering ,Chemistry ,0.3599892615198963
Chemical Engineering ,Materials Science ,0.09915746634302576
Chemical Engineering ,"Biochemistry, Genetics and Molecular Biology ",0.0876265327864795
Chemical Engineering ,Engineering ,0.04683190309681177
Chemical Engineering ,Social Sciences ,0.0024794829475344084
Chemical Engineering ,"Pharmacology, Toxicology and Pharmaceutics ",0.013392775518049163
Chemical Engineering ,Mathematics ,0.006300384007691748
Chemical Engineering ,Medicine ,0.030420490875190588
Chemical Engineering ,Environmental Science ,0.011426581216668012
Chemical Engineering ,Neuroscience ,0.0015202441309612946
Chemical Engineering ,Agricultural and Biological Sciences ,0.004120133624509065
Chemical Engineering ,Earth and Planetary Sciences ,0.003473951827570691
Chemical Engineering ,Immunology and Microbiology ,0.0049892905066573675
Chemical Engineering ,Computer Science ,0.0013235801058061375
Chemical Engineering ,Nursing ,0.0004504096721240562
Chemical Engineering ,Energy ,0.004015335334460398
Chemical Engineering ,Decision Sciences ,8.42845822093531e-05
Chemical Engineering ,Arts and Humanities ,0.00035542228582462654
Chemical Engineering ,Health Professions ,0.0007077229204563141
Chemical Engineering ,"Business, Management and Accounting ",7.135202726717722e-05
Chemical Engineering ,Psychology ,0.00011327134328664384
Chemical Engineering ,"Economics, Econometrics and Finance ",4.5932867553245334e-05
Chemical Engineering ,Dentistry ,5.886542249542121e-05
Chemical Engineering ,Veterinary ,7.268987777843679e-05
Environmental Science ,Environmental Science ,0.4133271320822602
Environmental Science ,Immunology and Microbiology ,0.016485382451922024
Environmental Science ,Earth and Planetary Sciences ,0.09446055697180039
Environmental Science ,Multidisciplinary,0.04136088209871397
Environmental Science ,Chemical Engineering ,0.03296286708408107
Environmental Science ,Chemistry ,0.06610826155823984
Environmental Science ,Agricultural and Biological Sciences ,0.07977061221266196
Environmental Science ,Materials Science ,0.02402604525450724
Environmental Science ,Medicine ,0.061659156425095764
Environmental Science ,Energy ,0.011754588413898408
Environmental Science ,Physics and Astronomy ,0.014324889978983023
Environmental Science ,"Biochemistry, Genetics and Molecular Biology ",0.047200881045671335
Environmental Science ,Engineering ,0.03315065968733409
Environmental Science ,Mathematics ,0.004896648253046145
Environmental Science ,"Pharmacology, Toxicology and Pharmaceutics ",0.020854631851907102
Environmental Science ,Social Sciences ,0.012370618355410664
Environmental Science ,Neuroscience ,0.0018559876442997487
Environmental Science ,Decision Sciences ,0.002069228777900145
Environmental Science ,"Economics, Econometrics and Finance ",0.00787500383921794
Environmental Science ,Veterinary ,0.0009328202675605829
Environmental Science ,Nursing ,0.0013443844307646407
Environmental Science ,Health Professions ,0.0005879488045772253
Environmental Science ,Computer Science ,0.0021868185388155903
Environmental Science ,"Business, Management and Accounting ",0.006237522541693906
Environmental Science ,Arts and Humanities ,0.0012443453804335902
Environmental Science ,Dentistry ,0.0001965679585452216
Environmental Science ,Psychology ,0.0007555580906581955
Engineering ,Chemistry ,0.12659147707538157
Engineering ,Chemical Engineering ,0.09768031087464583
Engineering ,Energy ,0.021689498433881668
Engineering ,Engineering ,0.24955830249982255
Engineering ,Materials Science ,0.13044223764927115
Engineering ,Mathematics ,0.03295725976083957
Engineering ,Computer Science ,0.024942954602980995
Engineering ,Physics and Astronomy ,0.13263109763948566
Engineering ,Environmental Science ,0.03746813277367188
Engineering ,Medicine ,0.022934981751125676
Engineering ,"Biochemistry, Genetics and Molecular Biology ",0.024333716671701776
Engineering ,Agricultural and Biological Sciences ,0.009093347184598465
Engineering ,Immunology and Microbiology ,0.0056897798138746715
Engineering ,Earth and Planetary Sciences ,0.013082285433623527
Engineering ,Arts and Humanities ,0.00046226713136237533
Engineering ,Multidisciplinary,0.04478150027038859
Engineering ,"Economics, Econometrics and Finance ",0.0012505079599762082
Engineering ,"Pharmacology, Toxicology and Pharmaceutics ",0.008482853092636198
Engineering ,Social Sciences ,0.0034167570578958178
Engineering ,Decision Sciences ,0.003862066020037019
Engineering ,"Business, Management and Accounting ",0.0035335800014194615
Engineering ,Veterinary ,0.0001350372734278678
Engineering ,Nursing ,0.0012737469326126322
Engineering ,Neuroscience ,0.0017567407152453314
Engineering ,Dentistry ,0.0005156539603919975
Engineering ,Health Professions ,0.0008943864063315523
Engineering ,Psychology ,0.0005395210133699463
Medicine ,"Biochemistry, Genetics and Molecular Biology ",0.17226910746219606
Medicine ,Medicine ,0.5704790503669949
Medicine ,Chemical Engineering ,0.011180360626100195
Medicine ,Chemistry ,0.02988692503501234
Medicine ,Materials Science ,0.00869681332735768
Medicine ,Multidisciplinary,0.03353348570980797
Medicine ,"Pharmacology, Toxicology and Pharmaceutics ",0.013204939428552238
Medicine ,Physics and Astronomy ,0.007300317719742162
Medicine ,Environmental Science ,0.008081523679456082
Medicine ,Energy ,0.00035062314568531634
Medicine ,Social Sciences ,0.009333692085711966
Medicine ,Arts and Humanities ,0.004217872505108423
Medicine ,Health Professions ,0.009224946936765096
Medicine ,Engineering ,0.00915258343691442
Medicine ,Immunology and Microbiology ,0.035775954608495475
Medicine ,Computer Science ,0.002095343108935853
Medicine ,Agricultural and Biological Sciences ,0.009191363876060914
Medicine ,Mathematics ,0.004217472706766707
Medicine ,Neuroscience ,0.0226041984423057
Medicine ,Psychology ,0.008391767192628038
Medicine ,Nursing ,0.019213908504550306
Medicine ,Decision Sciences ,0.001061064798915427
Medicine ,"Business, Management and Accounting ",0.0014456708036466406
Medicine ,Earth and Planetary Sciences ,0.001498044386411494
Medicine ,"Economics, Econometrics and Finance ",0.0009859027106727367
Medicine ,Dentistry ,0.00473681075265636
Medicine ,Veterinary ,0.001870256642549498
Social Sciences ,Arts and Humanities ,0.03706517537696384
Social Sciences ,"Pharmacology, Toxicology and Pharmaceutics ",0.04343057562792398
Social Sciences ,Medicine ,0.06924062660063254
Social Sciences ,Chemical Engineering ,0.01537940108495515
Social Sciences ,Social Sciences ,0.3842755763229198
Social Sciences ,Environmental Science ,0.021659116917341195
Social Sciences ,Chemistry ,0.07731209883031248
Social Sciences ,Multidisciplinary,0.03260006512015812
Social Sciences ,Earth and Planetary Sciences ,0.01109898835263137
Social Sciences ,"Biochemistry, Genetics and Molecular Biology ",0.07427887041278945
Social Sciences ,Materials Science ,0.016026794469737215
Social Sciences ,Physics and Astronomy ,0.010857167882433362
Social Sciences ,Immunology and Microbiology ,0.003572088205444578
Social Sciences ,Computer Science ,0.02431152569675713
Social Sciences ,Mathematics ,0.024043047851891625
Social Sciences ,"Economics, Econometrics and Finance ",0.029920998966074683
Social Sciences ,Engineering ,0.013288701271747182
Social Sciences ,Agricultural and Biological Sciences ,0.008795029542083426
Social Sciences ,Neuroscience ,0.007580214896521784
Social Sciences ,Psychology ,0.03937675058027392
Social Sciences ,Decision Sciences ,0.00799150010567745
Social Sciences ,Nursing ,0.004508904515188039
Social Sciences ,"Business, Management and Accounting ",0.036806218023051014
Social Sciences ,Energy ,0.0014147449555678687
Social Sciences ,Health Professions ,0.00472406761071855
Social Sciences ,Dentistry ,0.00026847784486550404
Social Sciences ,Veterinary ,0.00017327293533872954
Energy ,Chemistry ,0.22926083590482518
Energy ,Engineering ,0.09964229396812446
Energy ,Environmental Science ,0.09785266722373186
Energy ,Materials Science ,0.06115873945359362
Energy ,Physics and Astronomy ,0.04844273962027454
Energy ,Chemical Engineering ,0.08926640655670112
Energy ,Energy ,0.23434021769405716
Energy ,Multidisciplinary,0.012130423435337672
Energy ,Mathematics ,0.01592241441702251
Energy ,Earth and Planetary Sciences ,0.06608459934073309
Energy ,Computer Science ,0.003978410434225734
Energy ,Medicine ,0.008952520062022849
Energy ,Arts and Humanities ,0.0005307471472340836
Energy ,"Business, Management and Accounting ",0.002910336629667888
Energy ,Agricultural and Biological Sciences ,0.00817613787144076
Energy ,Immunology and Microbiology ,0.005458800204403447
Energy ,"Pharmacology, Toxicology and Pharmaceutics ",0.001418981009340711
Energy ,"Biochemistry, Genetics and Molecular Biology ",0.010307899140496665
Energy ,Social Sciences ,0.0019475349865449019
Energy ,"Economics, Econometrics and Finance ",0.0012194025366204565
Energy ,Decision Sciences ,0.000570224207772156
Energy ,Health Professions ,5.263608071742978e-05
Energy ,Neuroscience ,5.702242077721559e-05
Energy ,Veterinary ,3.0704380418500706e-05
Energy ,Nursing ,0.00019299896263057586
Energy ,Psychology ,8.99199712256092e-05
Energy ,Dentistry ,4.386340059785815e-06
Mathematics ,Mathematics ,0.46527662430551553
Mathematics ,Physics and Astronomy ,0.04103009121941133
Mathematics ,Agricultural and Biological Sciences ,0.009182957461449544
Mathematics ,"Biochemistry, Genetics and Molecular Biology ",0.11155479774781951
Mathematics ,Medicine ,0.04003349118483541
Mathematics ,Decision Sciences ,0.045043609726002784
Mathematics ,Computer Science ,0.07710430063423084
Mathematics ,Nursing ,0.0006203326745829703
Mathematics ,Multidisciplinary,0.045646993420405894
Mathematics ,Social Sciences ,0.01015921871980963
Mathematics ,Arts and Humanities ,0.003169459293634302
Mathematics ,Chemistry ,0.014952390314674767
Mathematics ,Engineering ,0.07658227204469108
Mathematics ,"Economics, Econometrics and Finance ",0.006142310417182198
Mathematics ,Health Professions ,0.0011457510601587102
Mathematics ,Neuroscience ,0.004789781798829164
Mathematics ,Chemical Engineering ,0.005555875702958953
Mathematics ,Psychology ,0.0022779429361735304
Mathematics ,"Business, Management and Accounting ",0.003169459293634302
Mathematics ,Materials Science ,0.004515208319915391
Mathematics ,Earth and Planetary Sciences ,0.00824737375552113
Mathematics ,Environmental Science ,0.0066575594146500204
Mathematics ,Energy ,0.0023898062053606234
Mathematics ,"Pharmacology, Toxicology and Pharmaceutics ",0.004020298098663403
Mathematics ,Immunology and Microbiology ,0.010454130974939238
Mathematics ,Veterinary ,0.00010508367711514798
Mathematics ,Dentistry ,0.00017287959783459828
Computer Science ,Computer Science ,0.34454566465082237
Computer Science ,Engineering ,0.14321482223335003
Computer Science ,Environmental Science ,0.014256962366626864
Computer Science ,Mathematics ,0.09157486229344015
Computer Science ,"Economics, Econometrics and Finance ",0.013000269635222064
Computer Science ,Social Sciences ,0.05729266977389161
Computer Science ,Physics and Astronomy ,0.023164554524093835
Computer Science ,Materials Science ,0.007766457378375255
Computer Science ,Multidisciplinary,0.022191941758792036
Computer Science ,Decision Sciences ,0.030112476406918068
Computer Science ,"Biochemistry, Genetics and Molecular Biology ",0.0168666461230307
Computer Science ,Medicine ,0.060600516158853666
Computer Science ,Neuroscience ,0.020858210392511844
Computer Science ,"Business, Management and Accounting ",0.03463849620584723
Computer Science ,Health Professions ,0.008946111474904664
Computer Science ,Earth and Planetary Sciences ,0.010303917414583414
Computer Science ,Chemistry ,0.026530179885212436
Computer Science ,Psychology ,0.026039058587881823
Computer Science ,Arts and Humanities ,0.008479064750972612
Computer Science ,Energy ,0.005079734987096029
Computer Science ,Agricultural and Biological Sciences ,0.006798659527753168
Computer Science ,Nursing ,0.0024122722545356495
Computer Science ,Chemical Engineering ,0.010130580486113787
Computer Science ,"Pharmacology, Toxicology and Pharmaceutics ",0.01262952120488425
Computer Science ,Immunology and Microbiology ,0.0017333692846962752
Computer Science ,Dentistry ,0.0007366819459959169
Computer Science ,Veterinary ,9.629829359423751e-05
Earth and Planetary Sciences ,Earth and Planetary Sciences ,0.7020764241123684
Earth and Planetary Sciences ,"Biochemistry, Genetics and Molecular Biology ",0.005398336909871244
Earth and Planetary Sciences ,Multidisciplinary,0.04464677623878267
Earth and Planetary Sciences ,"Business, Management and Accounting ",0.003688304721030043
Earth and Planetary Sciences ,Environmental Science ,0.06591091982052283
Earth and Planetary Sciences ,Arts and Humanities ,0.0032402214202106906
Earth and Planetary Sciences ,Social Sciences ,0.018112319547405383
Earth and Planetary Sciences ,Psychology ,0.0007376609442060086
Earth and Planetary Sciences ,Agricultural and Biological Sciences ,0.03262777994537651
Earth and Planetary Sciences ,Computer Science ,0.00866599200156067
Earth and Planetary Sciences ,Engineering ,0.03168589055793991
Earth and Planetary Sciences ,Decision Sciences ,0.0022556574326960594
Earth and Planetary Sciences ,Medicine ,0.010720469176746001
Earth and Planetary Sciences ,Materials Science ,0.005172771166601638
Earth and Planetary Sciences ,"Pharmacology, Toxicology and Pharmaceutics ",0.0007925282871634803
Earth and Planetary Sciences ,Chemistry ,0.008894605930550137
Earth and Planetary Sciences ,Physics and Astronomy ,0.03182915528677331
Earth and Planetary Sciences ,"Economics, Econometrics and Finance ",0.0030817157627779945
Earth and Planetary Sciences ,Chemical Engineering ,0.0039687378072571205
Earth and Planetary Sciences ,Immunology and Microbiology ,0.0021428745610612564
Earth and Planetary Sciences ,Nursing ,0.00026519215762777995
Earth and Planetary Sciences ,Energy ,0.005840323839250878
Earth and Planetary Sciences ,Mathematics ,0.007806403628560281
Earth and Planetary Sciences ,Neuroscience ,0.000271288529067499
Earth and Planetary Sciences ,Veterinary ,5.181915723761217e-05
Earth and Planetary Sciences ,Health Professions ,9.754194303550527e-05
Earth and Planetary Sciences ,Dentistry ,1.8289114319157236e-05
Psychology ,Medicine ,0.2619686626501999
Psychology ,Psychology ,0.31808412307760836
Psychology ,Multidisciplinary,0.0222835952203303
Psychology ,"Biochemistry, Genetics and Molecular Biology ",0.006470149336837533
Psychology ,Social Sciences ,0.15035023441763087
Psychology ,Nursing ,0.014944819982850207
Psychology ,Neuroscience ,0.07102687172177244
Psychology ,Arts and Humanities ,0.04654943929084491
Psychology ,"Pharmacology, Toxicology and Pharmaceutics ",0.0013029388509638406
Psychology ,"Business, Management and Accounting ",0.03540207356593204
Psychology ,"Economics, Econometrics and Finance ",0.00918738933371939
Psychology ,Mathematics ,0.0076505896633517825
Psychology ,Health Professions ,0.02002294063276056
Psychology ,Immunology and Microbiology ,0.0008018085236700558
Psychology ,Decision Sciences ,0.0032740514716527278
Psychology ,Agricultural and Biological Sciences ,0.00884216621936145
Psychology ,Computer Science ,0.013419156541978018
Psychology ,Engineering ,0.0022161096695880707
Psychology ,Veterinary ,0.0002672695078900186
Psychology ,Environmental Science ,0.0032963239306435625
Psychology ,Dentistry ,0.00017817967192667905
Psychology ,Chemistry ,0.0003674955733487756
Psychology ,Chemical Engineering ,7.79536064679221e-05
Psychology ,Earth and Planetary Sciences ,0.0006904462287158814
Psychology ,Physics and Astronomy ,0.0012918026214684233
Psychology ,Energy ,2.2272458990834882e-05
Psychology ,Materials Science ,1.1136229495417441e-05
Multidisciplinary,Immunology and Microbiology ,0.04313243231782302
Multidisciplinary,Multidisciplinary,0.09524573976361973
Multidisciplinary,Physics and Astronomy ,0.04416227971866992
Multidisciplinary,Engineering ,0.03843451079219497
Multidisciplinary,Agricultural and Biological Sciences ,0.07681450025140392
Multidisciplinary,Medicine ,0.235841112719827
Multidisciplinary,Chemistry ,0.024919278137551265
Multidisciplinary,"Biochemistry, Genetics and Molecular Biology ",0.1808866380328703
Multidisciplinary,Environmental Science ,0.04264174032094891
Multidisciplinary,Social Sciences ,0.013260799767375646
Multidisciplinary,Dentistry ,0.0028563120558783082
Multidisciplinary,Earth and Planetary Sciences ,0.032661307421565006
Multidisciplinary,Nursing ,0.010295445045525313
Multidisciplinary,Chemical Engineering ,0.008399314242789554
Multidisciplinary,Mathematics ,0.01675016507848043
Multidisciplinary,Computer Science ,0.012361197773106444
Multidisciplinary,Materials Science ,0.019212711951681984
Multidisciplinary,"Pharmacology, Toxicology and Pharmaceutics ",0.015150872644224071
Multidisciplinary,Health Professions ,0.006575878550701811
Multidisciplinary,Energy ,0.002623081909215923
Multidisciplinary,Arts and Humanities ,0.004837253821036753
Multidisciplinary,Neuroscience ,0.04673992718373084
Multidisciplinary,Veterinary ,0.003698363754217831
Multidisciplinary,Psychology ,0.009904708825792224
Multidisciplinary,Decision Sciences ,0.0039497676785422205
Multidisciplinary,"Business, Management and Accounting ",0.004158766121655268
Multidisciplinary,"Economics, Econometrics and Finance ",0.004485894119571341
Arts and Humanities ,Multidisciplinary,0.014730599308490204
Arts and Humanities ,Arts and Humanities ,0.20247070687668076
Arts and Humanities ,Social Sciences ,0.14857856319631194
Arts and Humanities ,Computer Science ,0.010864867460622358
Arts and Humanities ,Neuroscience ,0.027660391855551286
Arts and Humanities ,Mathematics ,0.00824769496734537
Arts and Humanities ,Psychology ,0.05031454091432962
Arts and Humanities ,Medicine ,0.11635612754514023
Arts and Humanities ,Environmental Science ,0.008175662696888205
Arts and Humanities ,Health Professions ,0.005090280445639647
Arts and Humanities ,"Business, Management and Accounting ",0.01702362658470995
Arts and Humanities ,Decision Sciences ,0.0024490971955436034
Arts and Humanities ,"Economics, Econometrics and Finance ",0.01218545908567038
Arts and Humanities ,Immunology and Microbiology ,0.004153860929696504
Arts and Humanities ,"Biochemistry, Genetics and Molecular Biology ",0.32827506723011907
Arts and Humanities ,Agricultural and Biological Sciences ,0.007659431425278525
Arts and Humanities ,Physics and Astronomy ,0.003937764118325009
Arts and Humanities ,Earth and Planetary Sciences ,0.008031598155973877
Arts and Humanities ,Engineering ,0.008980023050326547
Arts and Humanities ,Materials Science ,0.002713215520553208
Arts and Humanities ,Veterinary ,0.0005642527852477911
Arts and Humanities ,Nursing ,0.005258355743373031
Arts and Humanities ,"Pharmacology, Toxicology and Pharmaceutics ",0.0026051671148674604
Arts and Humanities ,Chemistry ,0.002509124087591241
Arts and Humanities ,Chemical Engineering ,0.0004682097579715713
Arts and Humanities ,Dentistry ,0.00036016135228582406
Arts and Humanities ,Energy ,0.0003361505954667691
"Economics, Econometrics and Finance ","Economics, Econometrics and Finance ",0.5297074450494941
"Economics, Econometrics and Finance ",Psychology ,0.013161665821556912
"Economics, Econometrics and Finance ",Mathematics ,0.02864922066183117
"Economics, Econometrics and Finance ",Social Sciences ,0.11942503141603651
"Economics, Econometrics and Finance ",Computer Science ,0.007407570713640071
"Economics, Econometrics and Finance ",Environmental Science ,0.025154875548402744
"Economics, Econometrics and Finance ",Agricultural and Biological Sciences ,0.007605987786326859
"Economics, Econometrics and Finance ",Decision Sciences ,0.04187702550761701
"Economics, Econometrics and Finance ",Medicine ,0.018133115809431426
"Economics, Econometrics and Finance ","Business, Management and Accounting ",0.16481844837849158
"Economics, Econometrics and Finance ",Energy ,0.006503670715844705
"Economics, Econometrics and Finance ",Physics and Astronomy ,0.0020503097510968056
"Economics, Econometrics and Finance ",Multidisciplinary,0.006922551202627924
"Economics, Econometrics and Finance ",Arts and Humanities ,0.01013029387773099
"Economics, Econometrics and Finance ",Engineering ,0.007198130470248462
"Economics, Econometrics and Finance ",Earth and Planetary Sciences ,0.00459666218391058
"Economics, Econometrics and Finance ",Neuroscience ,0.0026014682863378822
"Economics, Econometrics and Finance ",Nursing ,0.0017967768248859102
"Economics, Econometrics and Finance ","Biochemistry, Genetics and Molecular Biology ",0.0008487841442712581
"Economics, Econometrics and Finance ",Immunology and Microbiology ,0.0002535329262108953
"Economics, Econometrics and Finance ",Materials Science ,7.716219493375075e-05
"Economics, Econometrics and Finance ",Chemistry ,0.00014330121916267995
"Economics, Econometrics and Finance ",Health Professions ,0.0006503670715844706
"Economics, Econometrics and Finance ",Veterinary ,9.920853634339381e-05
"Economics, Econometrics and Finance ","Pharmacology, Toxicology and Pharmaceutics ",0.00014330121916267995
"Economics, Econometrics and Finance ",Chemical Engineering ,3.30695121144646e-05
"Economics, Econometrics and Finance ",Dentistry ,1.1023170704821534e-05
Immunology and Microbiology ,Medicine ,0.2369293573463181
Immunology and Microbiology ,Immunology and Microbiology ,0.22180869159020863
Immunology and Microbiology ,Multidisciplinary,0.05151079721146083
Immunology and Microbiology ,"Biochemistry, Genetics and Molecular Biology ",0.2877445430035187
Immunology and Microbiology ,Agricultural and Biological Sciences ,0.035648822791687185
Immunology and Microbiology ,"Pharmacology, Toxicology and Pharmaceutics ",0.021980309623303496
Immunology and Microbiology ,Environmental Science ,0.07208465135644253
Immunology and Microbiology ,Earth and Planetary Sciences ,0.001579089002736749
Immunology and Microbiology ,Physics and Astronomy ,0.004544323657393538
Immunology and Microbiology ,Chemistry ,0.015080046103305931
Immunology and Microbiology ,Neuroscience ,0.007453706289445491
Immunology and Microbiology ,Engineering ,0.01058141955531635
Immunology and Microbiology ,Health Professions ,0.0013963005651209197
Immunology and Microbiology ,Chemical Engineering ,0.00607263809412589
Immunology and Microbiology ,Veterinary ,0.005717216132095111
Immunology and Microbiology ,Mathematics ,0.005300864690859055
Immunology and Microbiology ,Computer Science ,0.0009545618408826651
Immunology and Microbiology ,Social Sciences ,0.00069561155426024
Immunology and Microbiology ,Nursing ,0.0045392462007930985
Immunology and Microbiology ,Dentistry ,0.0017111028743481815
Immunology and Microbiology ,Materials Science ,0.0039045641257381353
Immunology and Microbiology ,Energy ,0.0009444069276817856
Immunology and Microbiology ,Arts and Humanities ,0.0009850265804853032
Immunology and Microbiology ,Decision Sciences ,0.0002030982640175883
Immunology and Microbiology ,"Business, Management and Accounting ",0.00013201387161143241
Immunology and Microbiology ,Psychology ,0.0003808092450329781
Immunology and Microbiology ,"Economics, Econometrics and Finance ",0.00011678150181011328
Neuroscience ,Neuroscience ,0.30180480300996465
Neuroscience ,Medicine ,0.23786754979864982
Neuroscience ,Psychology ,0.02027708919175787
Neuroscience ,Social Sciences ,0.006584297625929591
Neuroscience ,"Biochemistry, Genetics and Molecular Biology ",0.24725409314037683
Neuroscience ,Immunology and Microbiology ,0.018871067302887488
Neuroscience ,"Pharmacology, Toxicology and Pharmaceutics ",0.02276089789439649
Neuroscience ,Agricultural and Biological Sciences ,0.012227981305297812
Neuroscience ,Environmental Science ,0.0016705695613407668
Neuroscience ,Computer Science ,0.009077904390511557
Neuroscience ,Physics and Astronomy ,0.005658380772283243
Neuroscience ,Multidisciplinary,0.07349526263705039
Neuroscience ,Arts and Humanities ,0.00994503287249782
Neuroscience ,Earth and Planetary Sciences ,0.00034783119898884
Neuroscience ,Mathematics ,0.004463017215194835
Neuroscience ,"Business, Management and Accounting ",0.0005976817785442039
Neuroscience ,Engineering ,0.004340541440902989
Neuroscience ,"Economics, Econometrics and Finance ",0.00039682150870557804
Neuroscience ,Nursing ,0.007985420483828299
Neuroscience ,Chemistry ,0.004129883109121016
Neuroscience ,Veterinary ,0.0005878837166008563
Neuroscience ,Health Professions ,0.007730670873301261
Neuroscience ,Chemical Engineering ,0.0003527302299605138
Neuroscience ,Decision Sciences ,0.000994503287249782
Neuroscience ,Materials Science ,0.00022535542469699494
Neuroscience ,Dentistry ,0.0003086389512154496
Neuroscience ,Energy ,4.409127874506422e-05
Nursing ,Medicine ,0.44849847812178906
Nursing ,"Biochemistry, Genetics and Molecular Biology ",0.13297532036990364
Nursing ,Nursing ,0.2072759349372831
Nursing ,Multidisciplinary,0.020559896085768015
Nursing ,"Pharmacology, Toxicology and Pharmaceutics ",0.015189701634322716
Nursing ,Dentistry ,0.0013764758341249686
Nursing ,Engineering ,0.006116593319245458
Nursing ,Psychology ,0.01496675132316163
Nursing ,Health Professions ,0.023593959015916714
Nursing ,Immunology and Microbiology ,0.009034334347918808
Nursing ,Agricultural and Biological Sciences ,0.03811480971675617
Nursing ,Chemistry ,0.008346096430856324
Nursing ,Social Sciences ,0.024786258506039046
Nursing ,Arts and Humanities ,0.005631918729764836
Nursing ,Neuroscience ,0.016953917140032183
Nursing ,Physics and Astronomy ,0.0012019929819119444
Nursing ,Computer Science ,0.000940268703592408
Nursing ,Environmental Science ,0.009800120199298192
Nursing ,"Economics, Econometrics and Finance ",0.0012892344080184565
Nursing ,Chemical Engineering ,0.002500920881720013
Nursing ,"Business, Management and Accounting ",0.0038967836994242065
Nursing ,Materials Science ,0.0016285066206548923
Nursing ,Decision Sciences ,0.0009305752118027956
Nursing ,Earth and Planetary Sciences ,0.0009111882282235707
Nursing ,Veterinary ,0.0010565906050677574
Nursing ,Mathematics ,0.002258583586979702
Nursing ,Energy ,0.00016478936042341172
"Business, Management and Accounting ","Business, Management and Accounting ",0.5453014230420914
"Business, Management and Accounting ",Psychology ,0.04339499656785552
"Business, Management and Accounting ",Social Sciences ,0.12247852746580834
"Business, Management and Accounting ",Decision Sciences ,0.042062516944410794
"Business, Management and Accounting ","Economics, Econometrics and Finance ",0.08702649384809732
"Business, Management and Accounting ",Computer Science ,0.02047173239655978
"Business, Management and Accounting ",Engineering ,0.03932256966676473
"Business, Management and Accounting ",Arts and Humanities ,0.013463235675844048
"Business, Management and Accounting ",Environmental Science ,0.019969889421496183
"Business, Management and Accounting ",Mathematics ,0.0076487791371761815
"Business, Management and Accounting ",Medicine ,0.028830013670894838
"Business, Management and Accounting ",Energy ,0.0021054331712438206
"Business, Management and Accounting ",Neuroscience ,0.002688032487122248
"Business, Management and Accounting ",Multidisciplinary,0.004285854373244271
"Business, Management and Accounting ",Nursing ,0.003922450839577529
"Business, Management and Accounting ",Physics and Astronomy ,0.0012574915926880901
"Business, Management and Accounting ",Health Professions ,0.003322546593524495
"Business, Management and Accounting ",Agricultural and Biological Sciences ,0.0035878888562017987
"Business, Management and Accounting ",Earth and Planetary Sciences ,0.0035878888562017987
"Business, Management and Accounting ","Biochemistry, Genetics and Molecular Biology ",0.002226567682466068
"Business, Management and Accounting ",Chemical Engineering ,0.0002884155029101124
"Business, Management and Accounting ",Veterinary ,2.3073240232808995e-05
"Business, Management and Accounting ",Chemistry ,0.0005018429750635956
"Business, Management and Accounting ",Materials Science ,0.0015632120257728093
"Business, Management and Accounting ","Pharmacology, Toxicology and Pharmaceutics ",0.00036340353366674165
"Business, Management and Accounting ",Immunology and Microbiology ,0.0002134274721534832
"Business, Management and Accounting ",Dentistry ,9.229296093123598e-05
Health Professions ,Health Professions ,0.28585683967899256
Health Professions ,"Biochemistry, Genetics and Molecular Biology ",0.05571249877022108
Health Professions ,Medicine ,0.4116456550153898
Health Professions ,Nursing ,0.03427920900619809
Health Professions ,Environmental Science ,0.002473612458011834
Health Professions ,Multidisciplinary,0.014363817795955082
Health Professions ,"Pharmacology, Toxicology and Pharmaceutics ",0.00538291801942348
Health Professions ,Psychology ,0.05599359109499515
Health Professions ,Agricultural and Biological Sciences ,0.005607791879242738
Health Professions ,Immunology and Microbiology ,0.004553695661339967
Health Professions ,Computer Science ,0.007013253503113098
Health Professions ,Decision Sciences ,0.004441258731430338
Health Professions ,Neuroscience ,0.034082444378856235
Health Professions ,"Business, Management and Accounting ",0.004455313347669042
Health Professions ,Arts and Humanities ,0.00839060589450605
Health Professions ,Social Sciences ,0.029191437927787382
Health Professions ,Engineering ,0.008179786650925497
Health Professions ,Mathematics ,0.007294345827887169
Health Professions ,Dentistry ,0.003963401779314416
Health Professions ,Chemistry ,0.003148234037469607
Health Professions ,Physics and Astronomy ,0.009894449832047335
Health Professions ,Chemical Engineering ,0.0004919115683546261
Health Professions ,"Economics, Econometrics and Finance ",0.0011946423802898063
Health Professions ,Energy ,0.00011243692990962881
Health Professions ,Veterinary ,0.0006324577307416621
Health Professions ,Earth and Planetary Sciences ,0.0005200208008320333
Health Professions ,Materials Science ,0.0011243692990962882
Decision Sciences ,Decision Sciences ,0.23710070743897432
Decision Sciences ,Mathematics ,0.13731076611053433
Decision Sciences ,Medicine ,0.033802544848733615
Decision Sciences ,Computer Science ,0.08064321413912162
Decision Sciences ,Psychology ,0.011396286549001617
Decision Sciences ,Social Sciences ,0.05645024989738513
Decision Sciences ,"Business, Management and Accounting ",0.12760460680396937
Decision Sciences ,Engineering ,0.09435738947775069
Decision Sciences ,"Economics, Econometrics and Finance ",0.10012796677692735
Decision Sciences ,Multidisciplinary,0.014945553758118646
Decision Sciences ,Chemistry ,0.004249462780983654
Decision Sciences ,"Biochemistry, Genetics and Molecular Biology ",0.010213197479295942
Decision Sciences ,Agricultural and Biological Sciences ,0.006519062220827197
Decision Sciences ,Chemical Engineering ,0.0008450636212183403
Decision Sciences ,Neuroscience ,0.004611632904362943
Decision Sciences ,Earth and Planetary Sciences ,0.008233334138155829
Decision Sciences ,Physics and Astronomy ,0.03433372769635657
Decision Sciences ,Immunology and Microbiology ,0.0014003911437332497
Decision Sciences ,Health Professions ,0.002535190863655021
Decision Sciences ,Nursing ,0.002004008016032064
Decision Sciences ,Environmental Science ,0.018229229543424198
Decision Sciences ,Veterinary ,0.00021730207402757322
Decision Sciences ,"Pharmacology, Toxicology and Pharmaceutics ",0.0013038124441654394
Decision Sciences ,Energy ,0.00627761547190767
Decision Sciences ,Arts and Humanities ,0.004056305381848034
Decision Sciences ,Materials Science ,0.001207233744597629
Decision Sciences ,Dentistry ,2.414467489195258e-05
Veterinary ,Veterinary ,0.26496518672574376
Veterinary ,Immunology and Microbiology ,0.09132832986707659
Veterinary ,Agricultural and Biological Sciences ,0.060606745637037704
Veterinary ,Medicine ,0.31114929017090154
Veterinary ,Neuroscience ,0.010783072610543449
Veterinary ,"Biochemistry, Genetics and Molecular Biology ",0.14544714711999276
Veterinary ,Nursing ,0.00714350302920698
Veterinary ,Multidisciplinary,0.035016728456460804
Veterinary ,Environmental Science ,0.02952346505108961
Veterinary ,"Pharmacology, Toxicology and Pharmaceutics ",0.01724839497242065
Veterinary ,Chemistry ,0.00357175151460349
Veterinary ,Social Sciences ,0.003978659915001357
Veterinary ,Psychology ,0.0011529071344606203
Veterinary ,"Business, Management and Accounting ",0.0002260602224432589
Veterinary ,Arts and Humanities ,0.0020797540464779817
Veterinary ,Health Professions ,0.002870964825029388
Veterinary ,Engineering ,0.002351026313409892
Veterinary ,Computer Science ,0.0005425445338638214
Veterinary ,Dentistry ,0.0027353286915634324
Veterinary ,Mathematics ,0.0035491454923591644
Veterinary ,Physics and Astronomy ,0.000791210778551406
Veterinary ,Decision Sciences ,0.0005199385116194954
Veterinary ,Chemical Engineering ,0.0005199385116194954
Veterinary ,Materials Science ,0.0002938782891762365
Veterinary ,Earth and Planetary Sciences ,0.0008590288452843838
Veterinary ,"Economics, Econometrics and Finance ",0.0007459987340627544
Dentistry ,Medicine ,0.3946360153256705
Dentistry ,Immunology and Microbiology ,0.018186794048863014
Dentistry ,Dentistry ,0.3700054734537493
Dentistry ,Engineering ,0.01684330994675822
Dentistry ,Chemical Engineering ,0.0008956560680698612
Dentistry ,"Biochemistry, Genetics and Molecular Biology ",0.11864954968403245
Dentistry ,"Pharmacology, Toxicology and Pharmaceutics ",0.011817684231477336
Dentistry ,Computer Science ,0.0012688460964323032
Dentistry ,Materials Science ,0.0033587102552619795
Dentistry ,Veterinary ,0.0008458973976215356
Dentistry ,Agricultural and Biological Sciences ,0.0023386575110713043
Dentistry ,Earth and Planetary Sciences ,0.00014927601134497685
Dentistry ,Nursing ,0.0056724884311091205
Dentistry ,Health Professions ,0.006145195800368214
Dentistry ,Environmental Science ,0.0073145245559038665
Dentistry ,Chemistry ,0.0025376921928646065
Dentistry ,Mathematics ,0.002886002886002886
Dentistry ,Multidisciplinary,0.015549584515101756
Dentistry ,Social Sciences ,0.006792058516196447
Dentistry ,"Business, Management and Accounting ",0.0004478280340349306
Dentistry ,Neuroscience ,0.007239886550231378
Dentistry ,Decision Sciences ,0.0006966213862765587
Dentistry ,Psychology ,0.0022391401701746527
Dentistry ,Arts and Humanities ,0.0013434841021047917
Dentistry ,Physics and Astronomy ,0.0019157088122605363
Dentistry ,"Economics, Econometrics and Finance ",0.0002239140170174653
